{"cameraMode":{"drawMode":0,"name":"Shaded","section":"Shading Mode"},"sceneLighting":true,"audioPlay":false,"sceneViewState":{"m_AlwaysRefresh":false,"showFog":true,"showSkybox":true,"showFlares":true,"showImageEffects":true,"showParticleSystems":true,"showVisualEffectGraphs":true,"m_FxEnabled":true},"in2DMode":false,"pivot":{"x":51.21414566040039,"y":13.750580787658692,"z":10.477960586547852},"rotation":{"x":-0.06740764528512955,"y":-0.9212337136268616,"z":0.18512314558029176,"w":-0.3354501724243164},"size":0.5041725039482117,"orthographic":false}